1	RGI60-11.00007
2	RGI60-11.00010
3	RGI60-11.00011
4	RGI60-11.00012
5	RGI60-11.00015
6	RGI60-11.00020
7	RGI60-11.00023
8	RGI60-11.00033
9	RGI60-11.00035
10	RGI60-11.00064
11	RGI60-11.00069
12	RGI60-11.00073
13	RGI60-11.00093
14	RGI60-11.00096
15	RGI60-11.00099
16	RGI60-11.00107
17	RGI60-11.00111
18	RGI60-11.00112
19	RGI60-11.00113
20	RGI60-11.00117
21	RGI60-11.00119
22	RGI60-11.00125
23	RGI60-11.00130
24	RGI60-11.00131
25	RGI60-11.00132
26	RGI60-11.00137
27	RGI60-11.00144
28	RGI60-11.00145
29	RGI60-11.00148
30	RGI60-11.00150
31	RGI60-11.00154
32	RGI60-11.00160
33	RGI60-11.00163
34	RGI60-11.00177
35	RGI60-11.00184
36	RGI60-11.00187
37	RGI60-11.00194
38	RGI60-11.00203
39	RGI60-11.00206
40	RGI60-11.00209
41	RGI60-11.00215
42	RGI60-11.00217
43	RGI60-11.00225
44	RGI60-11.00232
45	RGI60-11.00234
46	RGI60-11.00238
47	RGI60-11.00241
48	RGI60-11.00243
49	RGI60-11.00250
50	RGI60-11.00253
51	RGI60-11.00255
52	RGI60-11.00260
53	RGI60-11.00261
54	RGI60-11.00265
55	RGI60-11.00266
56	RGI60-11.00269
57	RGI60-11.00275
58	RGI60-11.00276
59	RGI60-11.00282
60	RGI60-11.00292
61	RGI60-11.00299
62	RGI60-11.00314
63	RGI60-11.00318
64	RGI60-11.00321
65	RGI60-11.00324
66	RGI60-11.00327
67	RGI60-11.00329
68	RGI60-11.00333
69	RGI60-11.00346
70	RGI60-11.00349
71	RGI60-11.00350
72	RGI60-11.00356
73	RGI60-11.00363
74	RGI60-11.00372
75	RGI60-11.00381
76	RGI60-11.00387
77	RGI60-11.00389
78	RGI60-11.00403
79	RGI60-11.00405
80	RGI60-11.00410
81	RGI60-11.00421
82	RGI60-11.00424
83	RGI60-11.00426
84	RGI60-11.00428
85	RGI60-11.00429
86	RGI60-11.00432
87	RGI60-11.00433
88	RGI60-11.00445
89	RGI60-11.00447
90	RGI60-11.00455
91	RGI60-11.00461
92	RGI60-11.00462
93	RGI60-11.00464
94	RGI60-11.00466
95	RGI60-11.00467
96	RGI60-11.00472
97	RGI60-11.00473
98	RGI60-11.00477
99	RGI60-11.00482
100	RGI60-11.00483
101	RGI60-11.00486
102	RGI60-11.00494
103	RGI60-11.00495
104	RGI60-11.00512
105	RGI60-11.00516
106	RGI60-11.00517
107	RGI60-11.00519
108	RGI60-11.00522
109	RGI60-11.00525
110	RGI60-11.00527
111	RGI60-11.00532
112	RGI60-11.00544
113	RGI60-11.00552
114	RGI60-11.00555
115	RGI60-11.00556
116	RGI60-11.00568
117	RGI60-11.00571
118	RGI60-11.00573
119	RGI60-11.00575
120	RGI60-11.00576
121	RGI60-11.00580
122	RGI60-11.00583
123	RGI60-11.00595
124	RGI60-11.00600
125	RGI60-11.00602
126	RGI60-11.00606
127	RGI60-11.00610
128	RGI60-11.00612
129	RGI60-11.00613
130	RGI60-11.00617
131	RGI60-11.00620
132	RGI60-11.00630
133	RGI60-11.00645
134	RGI60-11.00649
135	RGI60-11.00650
136	RGI60-11.00668
137	RGI60-11.00669
138	RGI60-11.00675
139	RGI60-11.00681
140	RGI60-11.00683
141	RGI60-11.00686
142	RGI60-11.00688
143	RGI60-11.00690
144	RGI60-11.00693
145	RGI60-11.00696
146	RGI60-11.00700
147	RGI60-11.00703
148	RGI60-11.00704
149	RGI60-11.00707
150	RGI60-11.00709
151	RGI60-11.00711
152	RGI60-11.00714
153	RGI60-11.00717
154	RGI60-11.00724
155	RGI60-11.00729
156	RGI60-11.00737
157	RGI60-11.00738
158	RGI60-11.00740
159	RGI60-11.00741
160	RGI60-11.00747
161	RGI60-11.00756
162	RGI60-11.00757
163	RGI60-11.00759
164	RGI60-11.00760
165	RGI60-11.00765
166	RGI60-11.00768
167	RGI60-11.00775
168	RGI60-11.00780
169	RGI60-11.00783
170	RGI60-11.00792
171	RGI60-11.00794
172	RGI60-11.00798
173	RGI60-11.00799
174	RGI60-11.00801
175	RGI60-11.00802
176	RGI60-11.00808
177	RGI60-11.00810
178	RGI60-11.00813
179	RGI60-11.00815
180	RGI60-11.00816
181	RGI60-11.00818
182	RGI60-11.00823
183	RGI60-11.00825
184	RGI60-11.00837
185	RGI60-11.00845
186	RGI60-11.00849
187	RGI60-11.00851
188	RGI60-11.00856
189	RGI60-11.00858
190	RGI60-11.00861
191	RGI60-11.00863
192	RGI60-11.00873
193	RGI60-11.00874
194	RGI60-11.00879
195	RGI60-11.00882
196	RGI60-11.00883
197	RGI60-11.00889
198	RGI60-11.00891
199	RGI60-11.00896
200	RGI60-11.00900
201	RGI60-11.00901
202	RGI60-11.00902
203	RGI60-11.00908
204	RGI60-11.00915
205	RGI60-11.00916
206	RGI60-11.00921
207	RGI60-11.00934
208	RGI60-11.00939
209	RGI60-11.00942
210	RGI60-11.00947
211	RGI60-11.00948
212	RGI60-11.00952
213	RGI60-11.00960
214	RGI60-11.00961
215	RGI60-11.00966
216	RGI60-11.00967
217	RGI60-11.00968
218	RGI60-11.00970
219	RGI60-11.00971
220	RGI60-11.00974
221	RGI60-11.00978
222	RGI60-11.00980
223	RGI60-11.00982
224	RGI60-11.00984
225	RGI60-11.00985
226	RGI60-11.00989
227	RGI60-11.01000
228	RGI60-11.01002
229	RGI60-11.01004
230	RGI60-11.01005
231	RGI60-11.01009
232	RGI60-11.01012
233	RGI60-11.01013
234	RGI60-11.01014
235	RGI60-11.01016
236	RGI60-11.01017
237	RGI60-11.01021
238	RGI60-11.01022
239	RGI60-11.01023
240	RGI60-11.01025
241	RGI60-11.01026
242	RGI60-11.01027
243	RGI60-11.01028
244	RGI60-11.01031
245	RGI60-11.01035
246	RGI60-11.01037
247	RGI60-11.01040
248	RGI60-11.01043
249	RGI60-11.01045
250	RGI60-11.01047
251	RGI60-11.01050
252	RGI60-11.01052
253	RGI60-11.01053
254	RGI60-11.01056
255	RGI60-11.01060
256	RGI60-11.01066
257	RGI60-11.01073
258	RGI60-11.01074
259	RGI60-11.01075
260	RGI60-11.01077
261	RGI60-11.01080
262	RGI60-11.01082
263	RGI60-11.01083
264	RGI60-11.01084
265	RGI60-11.01086
266	RGI60-11.01088
267	RGI60-11.01089
268	RGI60-11.01092
269	RGI60-11.01093
270	RGI60-11.01095
271	RGI60-11.01101
272	RGI60-11.01112
273	RGI60-11.01115
274	RGI60-11.01118
275	RGI60-11.01122
276	RGI60-11.01123
277	RGI60-11.01124
278	RGI60-11.01125
279	RGI60-11.01128
280	RGI60-11.01129
281	RGI60-11.01130
282	RGI60-11.01131
283	RGI60-11.01132
284	RGI60-11.01133
285	RGI60-11.01134
286	RGI60-11.01136
287	RGI60-11.01139
288	RGI60-11.01147
289	RGI60-11.01149
290	RGI60-11.01153
291	RGI60-11.01154
292	RGI60-11.01157
293	RGI60-11.01158
294	RGI60-11.01159
295	RGI60-11.01160
296	RGI60-11.01162
297	RGI60-11.01163
298	RGI60-11.01164
299	RGI60-11.01169
300	RGI60-11.01170
301	RGI60-11.01172
302	RGI60-11.01175
303	RGI60-11.01179
304	RGI60-11.01184
305	RGI60-11.01185
306	RGI60-11.01188
307	RGI60-11.01189
308	RGI60-11.01190
309	RGI60-11.01192
310	RGI60-11.01195
311	RGI60-11.01196
312	RGI60-11.01201
313	RGI60-11.01204
314	RGI60-11.01206
315	RGI60-11.01207
316	RGI60-11.01210
317	RGI60-11.01213
318	RGI60-11.01214
319	RGI60-11.01216
320	RGI60-11.01217
321	RGI60-11.01219
322	RGI60-11.01220
323	RGI60-11.01221
324	RGI60-11.01227
325	RGI60-11.01232
326	RGI60-11.01235
327	RGI60-11.01239
328	RGI60-11.01240
329	RGI60-11.01241
330	RGI60-11.01242
331	RGI60-11.01243
332	RGI60-11.01244
333	RGI60-11.01245
334	RGI60-11.01247
335	RGI60-11.01249
336	RGI60-11.01250
337	RGI60-11.01253
338	RGI60-11.01259
339	RGI60-11.01264
340	RGI60-11.01273
341	RGI60-11.01277
342	RGI60-11.01278
343	RGI60-11.01282
344	RGI60-11.01284
345	RGI60-11.01286
346	RGI60-11.01287
347	RGI60-11.01289
348	RGI60-11.01291
349	RGI60-11.01292
350	RGI60-11.01294
351	RGI60-11.01295
352	RGI60-11.01298
353	RGI60-11.01299
354	RGI60-11.01300
355	RGI60-11.01301
356	RGI60-11.01303
357	RGI60-11.01306
358	RGI60-11.01307
359	RGI60-11.01309
360	RGI60-11.01310
361	RGI60-11.01312
362	RGI60-11.01314
363	RGI60-11.01315
364	RGI60-11.01317
365	RGI60-11.01319
366	RGI60-11.01320
367	RGI60-11.01322
368	RGI60-11.01323
369	RGI60-11.01324
370	RGI60-11.01325
371	RGI60-11.01326
372	RGI60-11.01327
373	RGI60-11.01329
374	RGI60-11.01331
375	RGI60-11.01332
376	RGI60-11.01333
377	RGI60-11.01334
378	RGI60-11.01337
379	RGI60-11.01339
380	RGI60-11.01342
381	RGI60-11.01345
382	RGI60-11.01347
383	RGI60-11.01348
384	RGI60-11.01349
385	RGI60-11.01351
386	RGI60-11.01352
387	RGI60-11.01353
388	RGI60-11.01356
389	RGI60-11.01359
390	RGI60-11.01364
391	RGI60-11.01368
392	RGI60-11.01369
393	RGI60-11.01370
394	RGI60-11.01372
395	RGI60-11.01373
396	RGI60-11.01374
397	RGI60-11.01375
398	RGI60-11.01382
399	RGI60-11.01384
400	RGI60-11.01385
401	RGI60-11.01386
402	RGI60-11.01388
403	RGI60-11.01389
404	RGI60-11.01390
405	RGI60-11.01391
406	RGI60-11.01395
407	RGI60-11.01396
408	RGI60-11.01397
409	RGI60-11.01399
410	RGI60-11.01400
411	RGI60-11.01401
412	RGI60-11.01402
413	RGI60-11.01403
414	RGI60-11.01404
415	RGI60-11.01405
416	RGI60-11.01406
417	RGI60-11.01408
418	RGI60-11.01410
419	RGI60-11.01412
420	RGI60-11.01414
421	RGI60-11.01416
422	RGI60-11.01420
423	RGI60-11.01422
424	RGI60-11.01424
425	RGI60-11.01425
426	RGI60-11.01429
427	RGI60-11.01434
428	RGI60-11.01436
429	RGI60-11.01441
430	RGI60-11.01446
431	RGI60-11.01448
432	RGI60-11.01451
433	RGI60-11.01454
434	RGI60-11.01455
435	RGI60-11.01457
436	RGI60-11.01461
437	RGI60-11.01463
438	RGI60-11.01464
439	RGI60-11.01465
440	RGI60-11.01467
441	RGI60-11.01469
442	RGI60-11.01470
443	RGI60-11.01472
444	RGI60-11.01476
445	RGI60-11.01483
446	RGI60-11.01484
447	RGI60-11.01490
448	RGI60-11.01493
449	RGI60-11.01494
450	RGI60-11.01496
451	RGI60-11.01504
452	RGI60-11.01507
453	RGI60-11.01508
454	RGI60-11.01511
455	RGI60-11.01513
456	RGI60-11.01514
457	RGI60-11.01517
458	RGI60-11.01518
459	RGI60-11.01519
460	RGI60-11.01521
461	RGI60-11.01525
462	RGI60-11.01526
463	RGI60-11.01528
464	RGI60-11.01529
465	RGI60-11.01530
466	RGI60-11.01531
467	RGI60-11.01532
468	RGI60-11.01533
469	RGI60-11.01534
470	RGI60-11.01536
471	RGI60-11.01538
472	RGI60-11.01539
473	RGI60-11.01543
474	RGI60-11.01546
475	RGI60-11.01548
476	RGI60-11.01554
477	RGI60-11.01555
478	RGI60-11.01558
479	RGI60-11.01559
480	RGI60-11.01560
481	RGI60-11.01566
482	RGI60-11.01569
483	RGI60-11.01572
484	RGI60-11.01579
485	RGI60-11.01580
486	RGI60-11.01581
487	RGI60-11.01583
488	RGI60-11.01584
489	RGI60-11.01585
490	RGI60-11.01586
491	RGI60-11.01589
492	RGI60-11.01591
493	RGI60-11.01592
494	RGI60-11.01595
495	RGI60-11.01597
496	RGI60-11.01598
497	RGI60-11.01600
498	RGI60-11.01602
499	RGI60-11.01606
500	RGI60-11.01607
501	RGI60-11.01612
502	RGI60-11.01613
503	RGI60-11.01614
504	RGI60-11.01617
505	RGI60-11.01625
506	RGI60-11.01634
507	RGI60-11.01636
508	RGI60-11.01638
509	RGI60-11.01639
510	RGI60-11.01643
511	RGI60-11.01644
512	RGI60-11.01646
513	RGI60-11.01649
514	RGI60-11.01651
515	RGI60-11.01653
516	RGI60-11.01654
517	RGI60-11.01657
518	RGI60-11.01658
519	RGI60-11.01659
520	RGI60-11.01660
521	RGI60-11.01664
522	RGI60-11.01667
523	RGI60-11.01673
524	RGI60-11.01674
525	RGI60-11.01679
526	RGI60-11.01681
527	RGI60-11.01683
528	RGI60-11.01684
529	RGI60-11.01685
530	RGI60-11.01689
531	RGI60-11.01691
532	RGI60-11.01693
533	RGI60-11.01695
534	RGI60-11.01697
535	RGI60-11.01703
536	RGI60-11.01705
537	RGI60-11.01706
538	RGI60-11.01707
539	RGI60-11.01709
540	RGI60-11.01711
541	RGI60-11.01713
542	RGI60-11.01717
543	RGI60-11.01720
544	RGI60-11.01721
545	RGI60-11.01722
546	RGI60-11.01725
547	RGI60-11.01728
548	RGI60-11.01730
549	RGI60-11.01731
550	RGI60-11.01733
551	RGI60-11.01734
552	RGI60-11.01735
553	RGI60-11.01736
554	RGI60-11.01739
555	RGI60-11.01740
556	RGI60-11.01741
557	RGI60-11.01744
558	RGI60-11.01747
559	RGI60-11.01751
560	RGI60-11.01752
561	RGI60-11.01761
562	RGI60-11.01771
563	RGI60-11.01774
564	RGI60-11.01775
565	RGI60-11.01777
566	RGI60-11.01778
567	RGI60-11.01780
568	RGI60-11.01781
569	RGI60-11.01784
570	RGI60-11.01788
571	RGI60-11.01789
572	RGI60-11.01792
573	RGI60-11.01793
574	RGI60-11.01796
575	RGI60-11.01799
576	RGI60-11.01801
577	RGI60-11.01804
578	RGI60-11.01805
579	RGI60-11.01807
580	RGI60-11.01808
581	RGI60-11.01810
582	RGI60-11.01811
583	RGI60-11.01815
584	RGI60-11.01819
585	RGI60-11.01821
586	RGI60-11.01822
587	RGI60-11.01825
588	RGI60-11.01830
589	RGI60-11.01831
590	RGI60-11.01832
591	RGI60-11.01835
592	RGI60-11.01837
593	RGI60-11.01838
594	RGI60-11.01842
595	RGI60-11.01844
596	RGI60-11.01846
597	RGI60-11.01854
598	RGI60-11.01855
599	RGI60-11.01856
600	RGI60-11.01858
601	RGI60-11.01859
602	RGI60-11.01865
603	RGI60-11.01866
604	RGI60-11.01867
605	RGI60-11.01872
606	RGI60-11.01875
607	RGI60-11.01878
608	RGI60-11.01880
609	RGI60-11.01882
610	RGI60-11.01883
611	RGI60-11.01886
612	RGI60-11.01891
613	RGI60-11.01894
614	RGI60-11.01895
615	RGI60-11.01897
616	RGI60-11.01898
617	RGI60-11.01900
618	RGI60-11.01905
619	RGI60-11.01907
620	RGI60-11.01909
621	RGI60-11.01911
622	RGI60-11.01913
623	RGI60-11.01914
624	RGI60-11.01918
625	RGI60-11.01919
626	RGI60-11.01921
627	RGI60-11.01922
628	RGI60-11.01927
629	RGI60-11.01929
630	RGI60-11.01933
631	RGI60-11.01937
632	RGI60-11.01939
633	RGI60-11.01944
634	RGI60-11.01947
635	RGI60-11.01959
636	RGI60-11.01964
637	RGI60-11.01966
638	RGI60-11.01967
639	RGI60-11.01969
640	RGI60-11.01970
641	RGI60-11.01973
642	RGI60-11.01975
643	RGI60-11.01976
644	RGI60-11.01978
645	RGI60-11.01979
646	RGI60-11.01982
647	RGI60-11.01983
648	RGI60-11.01984
649	RGI60-11.01988
650	RGI60-11.01989
651	RGI60-11.01991
652	RGI60-11.01992
653	RGI60-11.01993
654	RGI60-11.01995
655	RGI60-11.01996
656	RGI60-11.01998
657	RGI60-11.02003
658	RGI60-11.02004
659	RGI60-11.02008
660	RGI60-11.02010
661	RGI60-11.02014
662	RGI60-11.02017
663	RGI60-11.02021
664	RGI60-11.02028
665	RGI60-11.02029
666	RGI60-11.02031
667	RGI60-11.02035
668	RGI60-11.02036
669	RGI60-11.02037
670	RGI60-11.02038
671	RGI60-11.02040
672	RGI60-11.02044
673	RGI60-11.02045
674	RGI60-11.02046
675	RGI60-11.02047
676	RGI60-11.02048
677	RGI60-11.02053
678	RGI60-11.02058
679	RGI60-11.02061
680	RGI60-11.02062
681	RGI60-11.02063
682	RGI60-11.02074
683	RGI60-11.02081
684	RGI60-11.02083
685	RGI60-11.02086
686	RGI60-11.02089
687	RGI60-11.02090
688	RGI60-11.02091
689	RGI60-11.02092
690	RGI60-11.02098
691	RGI60-11.02104
692	RGI60-11.02106
693	RGI60-11.02108
694	RGI60-11.02111
695	RGI60-11.02117
696	RGI60-11.02118
697	RGI60-11.02122
698	RGI60-11.02126
699	RGI60-11.02128
700	RGI60-11.02132
701	RGI60-11.02133
702	RGI60-11.02134
703	RGI60-11.02137
704	RGI60-11.02139
705	RGI60-11.02143
706	RGI60-11.02145
707	RGI60-11.02148
708	RGI60-11.02149
709	RGI60-11.02153
710	RGI60-11.02155
711	RGI60-11.02157
712	RGI60-11.02158
713	RGI60-11.02160
714	RGI60-11.02163
715	RGI60-11.02166
716	RGI60-11.02177
717	RGI60-11.02178
718	RGI60-11.02179
719	RGI60-11.02180
720	RGI60-11.02182
721	RGI60-11.02183
722	RGI60-11.02186
723	RGI60-11.02188
724	RGI60-11.02190
725	RGI60-11.02192
726	RGI60-11.02193
727	RGI60-11.02199
728	RGI60-11.02201
729	RGI60-11.02202
730	RGI60-11.02203
731	RGI60-11.02205
732	RGI60-11.02206
733	RGI60-11.02211
734	RGI60-11.02212
735	RGI60-11.02220
736	RGI60-11.02225
737	RGI60-11.02228
738	RGI60-11.02229
739	RGI60-11.02230
740	RGI60-11.02231
741	RGI60-11.02235
742	RGI60-11.02237
743	RGI60-11.02238
744	RGI60-11.02241
745	RGI60-11.02243
746	RGI60-11.02248
747	RGI60-11.02250
748	RGI60-11.02252
749	RGI60-11.02253
750	RGI60-11.02255
751	RGI60-11.02256
752	RGI60-11.02257
753	RGI60-11.02258
754	RGI60-11.02262
755	RGI60-11.02263
756	RGI60-11.02264
757	RGI60-11.02265
758	RGI60-11.02266
759	RGI60-11.02267
760	RGI60-11.02269
761	RGI60-11.02270
762	RGI60-11.02272
763	RGI60-11.02274
764	RGI60-11.02275
765	RGI60-11.02276
766	RGI60-11.02277
767	RGI60-11.02278
768	RGI60-11.02279
769	RGI60-11.02280
770	RGI60-11.02281
771	RGI60-11.02283
772	RGI60-11.02286
773	RGI60-11.02288
774	RGI60-11.02290
775	RGI60-11.02292
776	RGI60-11.02294
777	RGI60-11.02295
778	RGI60-11.02298
779	RGI60-11.02300
780	RGI60-11.02305
781	RGI60-11.02306
782	RGI60-11.02307
783	RGI60-11.02309
784	RGI60-11.02310
785	RGI60-11.02312
786	RGI60-11.02315
787	RGI60-11.02316
788	RGI60-11.02317
789	RGI60-11.02321
790	RGI60-11.02322
791	RGI60-11.02323
792	RGI60-11.02324
793	RGI60-11.02325
794	RGI60-11.02328
795	RGI60-11.02329
796	RGI60-11.02330
797	RGI60-11.02332
798	RGI60-11.02333
799	RGI60-11.02334
800	RGI60-11.02335
801	RGI60-11.02336
802	RGI60-11.02338
803	RGI60-11.02340
804	RGI60-11.02343
805	RGI60-11.02344
806	RGI60-11.02346
807	RGI60-11.02348
808	RGI60-11.02349
809	RGI60-11.02352
810	RGI60-11.02362
811	RGI60-11.02365
812	RGI60-11.02374
813	RGI60-11.02375
814	RGI60-11.02390
815	RGI60-11.02392
816	RGI60-11.02397
817	RGI60-11.02399
818	RGI60-11.02409
819	RGI60-11.02414
820	RGI60-11.02418
821	RGI60-11.02422
822	RGI60-11.02428
823	RGI60-11.02431
824	RGI60-11.02441
825	RGI60-11.02445
826	RGI60-11.02446
827	RGI60-11.02447
828	RGI60-11.02449
829	RGI60-11.02451
830	RGI60-11.02455
831	RGI60-11.02457
832	RGI60-11.02459
833	RGI60-11.02461
834	RGI60-11.02466
835	RGI60-11.02467
836	RGI60-11.02468
837	RGI60-11.02471
838	RGI60-11.02473
839	RGI60-11.02476
840	RGI60-11.02479
841	RGI60-11.02482
842	RGI60-11.02487
843	RGI60-11.02491
844	RGI60-11.02492
845	RGI60-11.02493
846	RGI60-11.02494
847	RGI60-11.02498
848	RGI60-11.02500
849	RGI60-11.02502
850	RGI60-11.02505
851	RGI60-11.02508
852	RGI60-11.02509
853	RGI60-11.02517
854	RGI60-11.02521
855	RGI60-11.02522
856	RGI60-11.02528
857	RGI60-11.02533
858	RGI60-11.02535
859	RGI60-11.02539
860	RGI60-11.02541
861	RGI60-11.02542
862	RGI60-11.02546
863	RGI60-11.02547
864	RGI60-11.02548
865	RGI60-11.02554
866	RGI60-11.02555
867	RGI60-11.02559
868	RGI60-11.02560
869	RGI60-11.02561
870	RGI60-11.02562
871	RGI60-11.02563
872	RGI60-11.02565
873	RGI60-11.02567
874	RGI60-11.02572
875	RGI60-11.02575
876	RGI60-11.02579
877	RGI60-11.02581
878	RGI60-11.02585
879	RGI60-11.02587
880	RGI60-11.02589
881	RGI60-11.02595
882	RGI60-11.02597
883	RGI60-11.02610
884	RGI60-11.02617
885	RGI60-11.02636
886	RGI60-11.02637
887	RGI60-11.02647
888	RGI60-11.02649
889	RGI60-11.02650
890	RGI60-11.02655
891	RGI60-11.02657
892	RGI60-11.02659
893	RGI60-11.02661
894	RGI60-11.02664
895	RGI60-11.02668
896	RGI60-11.02671
897	RGI60-11.02684
898	RGI60-11.02687
899	RGI60-11.02688
900	RGI60-11.02689
901	RGI60-11.02692
902	RGI60-11.02697
903	RGI60-11.02699
904	RGI60-11.02701
905	RGI60-11.02705
906	RGI60-11.02713
907	RGI60-11.02716
908	RGI60-11.02717
909	RGI60-11.02720
910	RGI60-11.02721
911	RGI60-11.02725
912	RGI60-11.02727
913	RGI60-11.02728
914	RGI60-11.02732
915	RGI60-11.02733
916	RGI60-11.02735
917	RGI60-11.02738
918	RGI60-11.02751
919	RGI60-11.02753
920	RGI60-11.02758
921	RGI60-11.02759
922	RGI60-11.02761
923	RGI60-11.02767
924	RGI60-11.02770
925	RGI60-11.02772
926	RGI60-11.02778
927	RGI60-11.02779
928	RGI60-11.02791
929	RGI60-11.02795
930	RGI60-11.02798
931	RGI60-11.02799
932	RGI60-11.02806
933	RGI60-11.02817
934	RGI60-11.02824
935	RGI60-11.02828
936	RGI60-11.02830
937	RGI60-11.02831
938	RGI60-11.02832
939	RGI60-11.02834
940	RGI60-11.02836
941	RGI60-11.02839
942	RGI60-11.02842
943	RGI60-11.02846
944	RGI60-11.02847
945	RGI60-11.02849
946	RGI60-11.02850
947	RGI60-11.02852
948	RGI60-11.02854
949	RGI60-11.02857
950	RGI60-11.02862
951	RGI60-11.02868
952	RGI60-11.02871
953	RGI60-11.02874
954	RGI60-11.02875
955	RGI60-11.02876
956	RGI60-11.02877
957	RGI60-11.02885
958	RGI60-11.02886
959	RGI60-11.02887
960	RGI60-11.02888
961	RGI60-11.02891
962	RGI60-11.02892
963	RGI60-11.02893
964	RGI60-11.02894
965	RGI60-11.02896
966	RGI60-11.02899
967	RGI60-11.02907
968	RGI60-11.02908
969	RGI60-11.02913
970	RGI60-11.02923
971	RGI60-11.02932
972	RGI60-11.02933
973	RGI60-11.02936
974	RGI60-11.02937
975	RGI60-11.02940
976	RGI60-11.02943
977	RGI60-11.02946
978	RGI60-11.02951
979	RGI60-11.02952
980	RGI60-11.02955
981	RGI60-11.02956
982	RGI60-11.02957
983	RGI60-11.02958
984	RGI60-11.02959
985	RGI60-11.02960
986	RGI60-11.02961
987	RGI60-11.02962
988	RGI60-11.02963
989	RGI60-11.02965
990	RGI60-11.02966
991	RGI60-11.02969
992	RGI60-11.02971
993	RGI60-11.02972
994	RGI60-11.02975
995	RGI60-11.02977
996	RGI60-11.02985
997	RGI60-11.02987
998	RGI60-11.02992
999	RGI60-11.02995
1000	RGI60-11.02998
1001	RGI60-11.02999
1002	RGI60-11.03003
1003	RGI60-11.03007
1004	RGI60-11.03008
1005	RGI60-11.03009
1006	RGI60-11.03011
1007	RGI60-11.03012
1008	RGI60-11.03015
1009	RGI60-11.03016
1010	RGI60-11.03017
1011	RGI60-11.03018
1012	RGI60-11.03021
1013	RGI60-11.03023
1014	RGI60-11.03024
1015	RGI60-11.03025
1016	RGI60-11.03031
1017	RGI60-11.03032
1018	RGI60-11.03033
1019	RGI60-11.03034
1020	RGI60-11.03040
1021	RGI60-11.03043
1022	RGI60-11.03044
1023	RGI60-11.03050
1024	RGI60-11.03056
1025	RGI60-11.03057
1026	RGI60-11.03058
1027	RGI60-11.03065
1028	RGI60-11.03069
1029	RGI60-11.03072
1030	RGI60-11.03075
1031	RGI60-11.03076
1032	RGI60-11.03088
1033	RGI60-11.03096
1034	RGI60-11.03098
1035	RGI60-11.03104
1036	RGI60-11.03105
1037	RGI60-11.03106
1038	RGI60-11.03109
1039	RGI60-11.03112
1040	RGI60-11.03113
1041	RGI60-11.03121
1042	RGI60-11.03127
1043	RGI60-11.03128
1044	RGI60-11.03129
1045	RGI60-11.03131
1046	RGI60-11.03133
1047	RGI60-11.03134
1048	RGI60-11.03139
1049	RGI60-11.03150
1050	RGI60-11.03153
1051	RGI60-11.03155
1052	RGI60-11.03158
1053	RGI60-11.03159
1054	RGI60-11.03160
1055	RGI60-11.03168
1056	RGI60-11.03183
1057	RGI60-11.03187
1058	RGI60-11.03188
1059	RGI60-11.03192
1060	RGI60-11.03196
1061	RGI60-11.03197
1062	RGI60-11.03198
1063	RGI60-11.03199
1064	RGI60-11.03200
1065	RGI60-11.03201
1066	RGI60-11.03203
1067	RGI60-11.03235
1068	RGI60-11.03236
1069	RGI60-11.03237
1070	RGI60-11.03247
1071	RGI60-11.03248
1072	RGI60-11.03257
1073	RGI60-11.03269
1074	RGI60-11.03271
1075	RGI60-11.03275
1076	RGI60-11.03283
1077	RGI60-11.03286
1078	RGI60-11.03291
1079	RGI60-11.03302
1080	RGI60-11.03310
1081	RGI60-11.03317
1082	RGI60-11.03318
1083	RGI60-11.03324
1084	RGI60-11.03327
1085	RGI60-11.03334
1086	RGI60-11.03336
1087	RGI60-11.03337
1088	RGI60-11.03340
1089	RGI60-11.03342
1090	RGI60-11.03344
1091	RGI60-11.03346
1092	RGI60-11.03352
1093	RGI60-11.03353
1094	RGI60-11.03355
1095	RGI60-11.03357
1096	RGI60-11.03358
1097	RGI60-11.03362
1098	RGI60-11.03375
1099	RGI60-11.03392
1100	RGI60-11.03401
1101	RGI60-11.03402
1102	RGI60-11.03406
1103	RGI60-11.03410
1104	RGI60-11.03412
1105	RGI60-11.03413
1106	RGI60-11.03418
1107	RGI60-11.03421
1108	RGI60-11.03424
1109	RGI60-11.03428
1110	RGI60-11.03435
1111	RGI60-11.03436
1112	RGI60-11.03438
1113	RGI60-11.03441
1114	RGI60-11.03442
1115	RGI60-11.03448
1116	RGI60-11.03463
1117	RGI60-11.03471
1118	RGI60-11.03476
1119	RGI60-11.03477
1120	RGI60-11.03481
1121	RGI60-11.03490
1122	RGI60-11.03491
1123	RGI60-11.03496
1124	RGI60-11.03499
1125	RGI60-11.03502
1126	RGI60-11.03507
1127	RGI60-11.03508
1128	RGI60-11.03515
1129	RGI60-11.03517
1130	RGI60-11.03523
1131	RGI60-11.03526
1132	RGI60-11.03528
1133	RGI60-11.03532
1134	RGI60-11.03533
1135	RGI60-11.03541
1136	RGI60-11.03544
1137	RGI60-11.03545
1138	RGI60-11.03549
1139	RGI60-11.03551
1140	RGI60-11.03554
1141	RGI60-11.03562
1142	RGI60-11.03568
1143	RGI60-11.03570
1144	RGI60-11.03571
1145	RGI60-11.03574
1146	RGI60-11.03586
1147	RGI60-11.03591
1148	RGI60-11.03592
1149	RGI60-11.03593
1150	RGI60-11.03600
1151	RGI60-11.03606
1152	RGI60-11.03607
1153	RGI60-11.03610
1154	RGI60-11.03619
1155	RGI60-11.03622
1156	RGI60-11.03628
1157	RGI60-11.03632
1158	RGI60-11.03633
1159	RGI60-11.03634
1160	RGI60-11.03636
1161	RGI60-11.03637
1162	RGI60-11.03703
1163	RGI60-11.03704
1164	RGI60-11.03707
1165	RGI60-11.03708
1166	RGI60-11.03711
1167	RGI60-11.03712
1168	RGI60-11.03713
1169	RGI60-11.03714
1170	RGI60-11.03716
1171	RGI60-11.03717
1172	RGI60-11.03719
1173	RGI60-11.03725
1174	RGI60-11.03727
1175	RGI60-11.03728
1176	RGI60-11.03736
1177	RGI60-11.03741
1178	RGI60-11.03743
1179	RGI60-11.03746
1180	RGI60-11.03748
1181	RGI60-11.03749
1182	RGI60-11.03750
1183	RGI60-11.03757
1184	RGI60-11.03759
1185	RGI60-11.03761
1186	RGI60-11.03765
1187	RGI60-11.03766
1188	RGI60-11.03769
1189	RGI60-11.03770
1190	RGI60-11.03771
1191	RGI60-11.03773
1192	RGI60-11.03775
1193	RGI60-11.03776
1194	RGI60-11.03777
1195	RGI60-11.03778
1196	RGI60-11.03779
1197	RGI60-11.03781
1198	RGI60-11.03784
1199	RGI60-11.03786
1200	RGI60-11.03788
1201	RGI60-11.03789
1202	RGI60-11.03793
1203	RGI60-11.03799
1204	RGI60-11.03800
1205	RGI60-11.03802
1206	RGI60-11.03804
1207	RGI60-11.03805
1208	RGI60-11.03806
1209	RGI60-11.03808
1210	RGI60-11.03811
1211	RGI60-11.03815
1212	RGI60-11.03818
1213	RGI60-11.03819
1214	RGI60-11.03820
1215	RGI60-11.03829
1216	RGI60-11.03830
1217	RGI60-11.03831
1218	RGI60-11.03833
1219	RGI60-11.03846
1220	RGI60-11.03859
1221	RGI60-11.03860
1222	RGI60-11.03861
1223	RGI60-11.03862
1224	RGI60-11.03863
1225	RGI60-11.03864
1226	RGI60-11.03865
1227	RGI60-11.03866
1228	RGI60-11.03867
1229	RGI60-11.03871
1230	RGI60-11.03872
1231	RGI60-11.03873
1232	RGI60-11.03875
1233	RGI60-11.03878
1234	RGI60-11.03880
1235	RGI60-11.03883
1236	RGI60-11.03884
1237	RGI60-11.03885
1238	RGI60-11.03887
1239	RGI60-11.03888
1240	RGI60-11.03889